category_value,category,locationdesc,location,year,avg_data_value
Adult,Age Group,Alaska,AK,2016,41
Male,Gender,Alaska,AK,2016,41
Black,Race,Alaska,AK,2016,28
White,Race,Alaska,AK,2016,14
AINA,Race,Alaska,AK,2016,0
Asian,Race,Alaska,AK,2016,0
Juvenile,Age Group,Alaska,AK,2016,0
Female,Gender,Alaska,AK,2016,0
NHOPI,Race,Alaska,AK,2016,0
Female,Gender,Alaska,AK,2015,0
Asian,Race,Alaska,AK,2015,0
Adult,Age Group,Alaska,AK,2015,0
Black,Race,Alaska,AK,2015,0
NHOPI,Race,Alaska,AK,2015,0
Male,Gender,Alaska,AK,2015,0
AINA,Race,Alaska,AK,2015,0
White,Race,Alaska,AK,2015,0
Hispanic,Ethnicity,Alaska,AK,2015,0
Not Hispanic,Ethnicity,Alaska,AK,2015,0
Juvenile,Age Group,Alaska,AK,2015,0
Not Hispanic,Ethnicity,Arkansas,AR,2018,4
Black,Race,Arkansas,AR,2018,4
Adult,Age Group,Arkansas,AR,2018,4
Female,Gender,Arkansas,AR,2018,4
Male,Gender,Arkansas,AR,2018,0
Hispanic,Ethnicity,Arkansas,AR,2018,0
Asian,Race,Arkansas,AR,2018,0
NHOPI,Race,Arkansas,AR,2018,0
Juvenile,Age Group,Arkansas,AR,2018,0
White,Race,Arkansas,AR,2018,0
AINA,Race,Arkansas,AR,2018,0
Male,Gender,Arkansas,AR,2016,4
Not Hispanic,Ethnicity,Arkansas,AR,2016,4
Black,Race,Arkansas,AR,2016,4
Adult,Age Group,Arkansas,AR,2016,4
Female,Gender,Arkansas,AR,2016,0
Juvenile,Age Group,Arkansas,AR,2016,0
NHOPI,Race,Arkansas,AR,2016,0
White,Race,Arkansas,AR,2016,0
AINA,Race,Arkansas,AR,2016,0
Hispanic,Ethnicity,Arkansas,AR,2016,0
Asian,Race,Arkansas,AR,2016,0
Not Hispanic,Ethnicity,Arkansas,AR,2015,0
Juvenile,Age Group,Arkansas,AR,2015,0
Asian,Race,Arkansas,AR,2015,0
Black,Race,Arkansas,AR,2015,0
Hispanic,Ethnicity,Arkansas,AR,2015,0
White,Race,Arkansas,AR,2015,0
Adult,Age Group,Arkansas,AR,2015,0
NHOPI,Race,Arkansas,AR,2015,0
Female,Gender,Arkansas,AR,2015,0
Male,Gender,Arkansas,AR,2015,0
AINA,Race,Arkansas,AR,2015,0
Male,Gender,Arizona,AZ,2019,2
Adult,Age Group,Arizona,AZ,2019,2
Hispanic,Ethnicity,Arizona,AZ,2019,2
Female,Gender,Arizona,AZ,2019,0
Juvenile,Age Group,Arizona,AZ,2019,0
Not Hispanic,Ethnicity,Arizona,AZ,2019,0
Adult,Age Group,Arizona,AZ,2018,363
Not Hispanic,Ethnicity,Arizona,AZ,2018,281
Female,Gender,Arizona,AZ,2018,267
White,Race,Arizona,AZ,2018,182
Black,Race,Arizona,AZ,2018,179
Male,Gender,Arizona,AZ,2018,98
Hispanic,Ethnicity,Arizona,AZ,2018,84
AINA,Race,Arizona,AZ,2018,3
Asian,Race,Arizona,AZ,2018,2
Juvenile,Age Group,Arizona,AZ,2018,2
NHOPI,Race,Arizona,AZ,2018,0
Adult,Age Group,Arizona,AZ,2017,257
Not Hispanic,Ethnicity,Arizona,AZ,2017,192
White,Race,Arizona,AZ,2017,184
Male,Gender,Arizona,AZ,2017,174
Female,Gender,Arizona,AZ,2017,83
Black,Race,Arizona,AZ,2017,66
Hispanic,Ethnicity,Arizona,AZ,2017,65
Asian,Race,Arizona,AZ,2017,6
AINA,Race,Arizona,AZ,2017,2
Juvenile,Age Group,Arizona,AZ,2017,0
NHOPI,Race,Arizona,AZ,2017,0
Adult,Age Group,Arizona,AZ,2016,47
White,Race,Arizona,AZ,2016,29
Male,Gender,Arizona,AZ,2016,28
Not Hispanic,Ethnicity,Arizona,AZ,2016,25
Hispanic,Ethnicity,Arizona,AZ,2016,22
Female,Gender,Arizona,AZ,2016,20
Black,Race,Arizona,AZ,2016,18
Asian,Race,Arizona,AZ,2016,0
Juvenile,Age Group,Arizona,AZ,2016,0
AINA,Race,Arizona,AZ,2016,0
NHOPI,Race,Arizona,AZ,2016,0
Black,Race,Arizona,AZ,2015,0
Asian,Race,Arizona,AZ,2015,0
AINA,Race,Arizona,AZ,2015,0
White,Race,Arizona,AZ,2015,0
Adult,Age Group,Arizona,AZ,2015,0
Not Hispanic,Ethnicity,Arizona,AZ,2015,0
Female,Gender,Arizona,AZ,2015,0
Juvenile,Age Group,Arizona,AZ,2015,0
NHOPI,Race,Arizona,AZ,2015,0
Male,Gender,Arizona,AZ,2015,0
Hispanic,Ethnicity,Arizona,AZ,2015,0
Male,Gender,Arizona,AZ,2014,5
Adult,Age Group,Arizona,AZ,2014,5
Not Hispanic,Ethnicity,Arizona,AZ,2014,5
White,Race,Arizona,AZ,2014,3
Black,Race,Arizona,AZ,2014,2
NHOPI,Race,Arizona,AZ,2014,0
Juvenile,Age Group,Arizona,AZ,2014,0
AINA,Race,Arizona,AZ,2014,0
Female,Gender,Arizona,AZ,2014,0
Hispanic,Ethnicity,Arizona,AZ,2014,0
Asian,Race,Arizona,AZ,2014,0
AINA,Race,California,CA,2016,1
Male,Gender,California,CA,2016,1
Adult,Age Group,California,CA,2016,1
Not Hispanic,Ethnicity,California,CA,2016,1
NHOPI,Race,California,CA,2016,0
White,Race,California,CA,2016,0
Asian,Race,California,CA,2016,0
Female,Gender,California,CA,2016,0
Juvenile,Age Group,California,CA,2016,0
Hispanic,Ethnicity,California,CA,2016,0
Black,Race,California,CA,2016,0
Asian,Race,Colorado,CO,2019,2
Adult,Age Group,Colorado,CO,2019,2
Not Hispanic,Ethnicity,Colorado,CO,2019,2
Female,Gender,Colorado,CO,2019,2
White,Race,Colorado,CO,2019,0
Male,Gender,Colorado,CO,2019,0
Hispanic,Ethnicity,Colorado,CO,2019,0
Black,Race,Colorado,CO,2019,0
AINA,Race,Colorado,CO,2019,0
Juvenile,Age Group,Colorado,CO,2019,0
NHOPI,Race,Colorado,CO,2019,0
Adult,Age Group,Colorado,CO,2018,7
Male,Gender,Colorado,CO,2018,7
Not Hispanic,Ethnicity,Colorado,CO,2018,6
Black,Race,Colorado,CO,2018,4
AINA,Race,Colorado,CO,2018,2
White,Race,Colorado,CO,2018,2
Juvenile,Age Group,Colorado,CO,2018,0
Female,Gender,Colorado,CO,2018,0
Hispanic,Ethnicity,Colorado,CO,2018,0
NHOPI,Race,Colorado,CO,2018,0
Asian,Race,Colorado,CO,2018,0
Adult,Age Group,Colorado,CO,2017,8
White,Race,Colorado,CO,2017,6
Male,Gender,Colorado,CO,2017,6
Not Hispanic,Ethnicity,Colorado,CO,2017,4
Hispanic,Ethnicity,Colorado,CO,2017,4
Black,Race,Colorado,CO,2017,2
Female,Gender,Colorado,CO,2017,2
Asian,Race,Colorado,CO,2017,0
AINA,Race,Colorado,CO,2017,0
NHOPI,Race,Colorado,CO,2017,0
Juvenile,Age Group,Colorado,CO,2017,0
Adult,Age Group,Colorado,CO,2016,6
Not Hispanic,Ethnicity,Colorado,CO,2016,4
Male,Gender,Colorado,CO,2016,4
AINA,Race,Colorado,CO,2016,2
Hispanic,Ethnicity,Colorado,CO,2016,2
White,Race,Colorado,CO,2016,2
Female,Gender,Colorado,CO,2016,2
Black,Race,Colorado,CO,2016,2
Asian,Race,Colorado,CO,2016,0
Juvenile,Age Group,Colorado,CO,2016,0
NHOPI,Race,Colorado,CO,2016,0
Adult,Age Group,Colorado,CO,2015,6
Male,Gender,Colorado,CO,2015,6
White,Race,Colorado,CO,2015,4
Not Hispanic,Ethnicity,Colorado,CO,2015,4
Hispanic,Ethnicity,Colorado,CO,2015,2
Black,Race,Colorado,CO,2015,2
Juvenile,Age Group,Colorado,CO,2015,0
AINA,Race,Colorado,CO,2015,0
Female,Gender,Colorado,CO,2015,0
Asian,Race,Colorado,CO,2015,0
NHOPI,Race,Colorado,CO,2015,0
Male,Gender,Connecticut,CT,2019,6
Adult,Age Group,Connecticut,CT,2019,6
Hispanic,Ethnicity,Connecticut,CT,2019,3
White,Race,Connecticut,CT,2019,3
Black,Race,Connecticut,CT,2019,3
Asian,Race,Connecticut,CT,2019,0
Juvenile,Age Group,Connecticut,CT,2019,0
NHOPI,Race,Connecticut,CT,2019,0
AINA,Race,Connecticut,CT,2019,0
Female,Gender,Connecticut,CT,2019,0
Not Hispanic,Ethnicity,Connecticut,CT,2019,0
Not Hispanic,Ethnicity,Connecticut,CT,2018,6
Male,Gender,Connecticut,CT,2018,6
Adult,Age Group,Connecticut,CT,2018,6
White,Race,Connecticut,CT,2018,6
Asian,Race,Connecticut,CT,2018,0
Hispanic,Ethnicity,Connecticut,CT,2018,0
NHOPI,Race,Connecticut,CT,2018,0
Juvenile,Age Group,Connecticut,CT,2018,0
Black,Race,Connecticut,CT,2018,0
AINA,Race,Connecticut,CT,2018,0
Female,Gender,Connecticut,CT,2018,0
Adult,Age Group,Connecticut,CT,2017,14
Male,Gender,Connecticut,CT,2017,14
White,Race,Connecticut,CT,2017,12
Not Hispanic,Ethnicity,Connecticut,CT,2017,12
Black,Race,Connecticut,CT,2017,3
Asian,Race,Connecticut,CT,2017,0
Hispanic,Ethnicity,Connecticut,CT,2017,0
NHOPI,Race,Connecticut,CT,2017,0
Juvenile,Age Group,Connecticut,CT,2017,0
AINA,Race,Connecticut,CT,2017,0
Female,Gender,Connecticut,CT,2017,0
Adult,Age Group,Connecticut,CT,2016,40
Not Hispanic,Ethnicity,Connecticut,CT,2016,40
Male,Gender,Connecticut,CT,2016,28
White,Race,Connecticut,CT,2016,20
Female,Gender,Connecticut,CT,2016,12
Black,Race,Connecticut,CT,2016,12
Asian,Race,Connecticut,CT,2016,9
Hispanic,Ethnicity,Connecticut,CT,2016,0
NHOPI,Race,Connecticut,CT,2016,0
Juvenile,Age Group,Connecticut,CT,2016,0
AINA,Race,Connecticut,CT,2016,0
Adult,Age Group,Delaware,DE,2019,11
Black,Race,Delaware,DE,2019,11
Not Hispanic,Ethnicity,Delaware,DE,2019,11
Male,Gender,Delaware,DE,2019,11
AINA,Race,Delaware,DE,2019,0
White,Race,Delaware,DE,2019,0
Female,Gender,Delaware,DE,2019,0
Hispanic,Ethnicity,Delaware,DE,2019,0
Juvenile,Age Group,Delaware,DE,2019,0
NHOPI,Race,Delaware,DE,2019,0
Asian,Race,Delaware,DE,2019,0
Adult,Age Group,Delaware,DE,2017,11
White,Race,Delaware,DE,2017,11
Male,Gender,Delaware,DE,2017,11
Hispanic,Ethnicity,Delaware,DE,2017,11
Female,Gender,Delaware,DE,2017,0
Juvenile,Age Group,Delaware,DE,2017,0
Black,Race,Delaware,DE,2017,0
NHOPI,Race,Delaware,DE,2017,0
Asian,Race,Delaware,DE,2017,0
AINA,Race,Delaware,DE,2017,0
Not Hispanic,Ethnicity,Delaware,DE,2017,0
Adult,Age Group,Georgia,GA,2019,6
White,Race,Georgia,GA,2019,5
Male,Gender,Georgia,GA,2019,5
Not Hispanic,Ethnicity,Georgia,GA,2019,5
Female,Gender,Georgia,GA,2019,1
Black,Race,Georgia,GA,2019,1
Asian,Race,Georgia,GA,2019,0
Hispanic,Ethnicity,Georgia,GA,2019,0
Juvenile,Age Group,Georgia,GA,2019,0
NHOPI,Race,Georgia,GA,2019,0
AINA,Race,Georgia,GA,2019,0
Adult,Age Group,Hawaii,HI,2019,7
Hispanic,Ethnicity,Hawaii,HI,2019,7
Male,Gender,Hawaii,HI,2019,7
Juvenile,Age Group,Hawaii,HI,2019,0
Not Hispanic,Ethnicity,Hawaii,HI,2019,0
Female,Gender,Hawaii,HI,2019,0
Adult,Age Group,Hawaii,HI,2017,15
White,Race,Hawaii,HI,2017,7
Asian,Race,Hawaii,HI,2017,7
Female,Gender,Hawaii,HI,2017,7
Male,Gender,Hawaii,HI,2017,7
Juvenile,Age Group,Hawaii,HI,2017,0
NHOPI,Race,Hawaii,HI,2017,0
AINA,Race,Hawaii,HI,2017,0
Black,Race,Hawaii,HI,2017,0
Adult,Age Group,Hawaii,HI,2015,7
White,Race,Hawaii,HI,2015,7
Male,Gender,Hawaii,HI,2015,7
Juvenile,Age Group,Hawaii,HI,2015,0
Asian,Race,Hawaii,HI,2015,0
AINA,Race,Hawaii,HI,2015,0
Black,Race,Hawaii,HI,2015,0
Female,Gender,Hawaii,HI,2015,0
NHOPI,Race,Hawaii,HI,2015,0
Black,Race,Illinois,IL,2017,1
Male,Gender,Illinois,IL,2017,1
Not Hispanic,Ethnicity,Illinois,IL,2017,1
Adult,Age Group,Illinois,IL,2017,1
AINA,Race,Illinois,IL,2017,0
NHOPI,Race,Illinois,IL,2017,0
Asian,Race,Illinois,IL,2017,0
White,Race,Illinois,IL,2017,0
Female,Gender,Illinois,IL,2017,0
Juvenile,Age Group,Illinois,IL,2017,0
Hispanic,Ethnicity,Illinois,IL,2017,0
White,Race,Indiana,IN,2019,8
Not Hispanic,Ethnicity,Indiana,IN,2019,7
Male,Gender,Indiana,IN,2019,6
Juvenile,Age Group,Indiana,IN,2019,5
Adult,Age Group,Indiana,IN,2019,2
Hispanic,Ethnicity,Indiana,IN,2019,0
NHOPI,Race,Indiana,IN,2019,0
AINA,Race,Indiana,IN,2019,0
Black,Race,Indiana,IN,2019,0
Asian,Race,Indiana,IN,2019,0
Female,Gender,Indiana,IN,2019,0
White,Race,Indiana,IN,2018,5
Not Hispanic,Ethnicity,Indiana,IN,2018,5
Juvenile,Age Group,Indiana,IN,2018,5
Female,Gender,Indiana,IN,2018,3
Male,Gender,Indiana,IN,2018,2
Asian,Race,Indiana,IN,2018,0
AINA,Race,Indiana,IN,2018,0
NHOPI,Race,Indiana,IN,2018,0
Adult,Age Group,Indiana,IN,2018,0
Black,Race,Indiana,IN,2018,0
Hispanic,Ethnicity,Indiana,IN,2018,0
Black,Race,Indiana,IN,2016,3
Male,Gender,Indiana,IN,2016,3
Adult,Age Group,Indiana,IN,2016,3
Not Hispanic,Ethnicity,Indiana,IN,2016,3
Hispanic,Ethnicity,Indiana,IN,2016,0
White,Race,Indiana,IN,2016,0
AINA,Race,Indiana,IN,2016,0
Female,Gender,Indiana,IN,2016,0
Juvenile,Age Group,Indiana,IN,2016,0
NHOPI,Race,Indiana,IN,2016,0
Asian,Race,Indiana,IN,2016,0
Juvenile,Age Group,Indiana,IN,2015,5
White,Race,Indiana,IN,2015,5
Female,Gender,Indiana,IN,2015,4
Male,Gender,Indiana,IN,2015,2
Black,Race,Indiana,IN,2015,0
Not Hispanic,Ethnicity,Indiana,IN,2015,0
NHOPI,Race,Indiana,IN,2015,0
Asian,Race,Indiana,IN,2015,0
Hispanic,Ethnicity,Indiana,IN,2015,0
Adult,Age Group,Indiana,IN,2015,0
AINA,Race,Indiana,IN,2015,0
Not Hispanic,Ethnicity,Indiana,IN,2014,139
White,Race,Indiana,IN,2014,125
Adult,Age Group,Indiana,IN,2014,116
Male,Gender,Indiana,IN,2014,94
Female,Gender,Indiana,IN,2014,63
Juvenile,Age Group,Indiana,IN,2014,41
Black,Race,Indiana,IN,2014,23
Asian,Race,Indiana,IN,2014,7
NHOPI,Race,Indiana,IN,2014,2
AINA,Race,Indiana,IN,2014,0
Hispanic,Ethnicity,Indiana,IN,2014,0
White,Race,Kentucky,KY,2019,3
Hispanic,Ethnicity,Kentucky,KY,2019,3
Male,Gender,Kentucky,KY,2019,3
Adult,Age Group,Kentucky,KY,2019,3
Female,Gender,Kentucky,KY,2019,0
Not Hispanic,Ethnicity,Kentucky,KY,2019,0
Juvenile,Age Group,Kentucky,KY,2019,0
Black,Race,Kentucky,KY,2019,0
NHOPI,Race,Kentucky,KY,2019,0
AINA,Race,Kentucky,KY,2019,0
Asian,Race,Kentucky,KY,2019,0
Adult,Age Group,Kentucky,KY,2018,5
Not Hispanic,Ethnicity,Kentucky,KY,2018,5
White,Race,Kentucky,KY,2018,5
Male,Gender,Kentucky,KY,2018,3
Female,Gender,Kentucky,KY,2018,3
Juvenile,Age Group,Kentucky,KY,2018,0
Asian,Race,Kentucky,KY,2018,0
AINA,Race,Kentucky,KY,2018,0
Hispanic,Ethnicity,Kentucky,KY,2018,0
Black,Race,Kentucky,KY,2018,0
NHOPI,Race,Kentucky,KY,2018,0
Male,Gender,Kentucky,KY,2017,3
Not Hispanic,Ethnicity,Kentucky,KY,2017,3
White,Race,Kentucky,KY,2017,3
Adult,Age Group,Kentucky,KY,2017,3
Female,Gender,Kentucky,KY,2017,0
AINA,Race,Kentucky,KY,2017,0
Black,Race,Kentucky,KY,2017,0
Asian,Race,Kentucky,KY,2017,0
Hispanic,Ethnicity,Kentucky,KY,2017,0
NHOPI,Race,Kentucky,KY,2017,0
Juvenile,Age Group,Kentucky,KY,2017,0
Adult,Age Group,Louisiana,LA,2019,20
Male,Gender,Louisiana,LA,2019,18
White,Race,Louisiana,LA,2019,12
Black,Race,Louisiana,LA,2019,12
Female,Gender,Louisiana,LA,2019,6
Juvenile,Age Group,Louisiana,LA,2019,3
AINA,Race,Louisiana,LA,2019,0
NHOPI,Race,Louisiana,LA,2019,0
Asian,Race,Louisiana,LA,2019,0
Adult,Age Group,Louisiana,LA,2018,25
Male,Gender,Louisiana,LA,2018,14
White,Race,Louisiana,LA,2018,14
Female,Gender,Louisiana,LA,2018,12
Black,Race,Louisiana,LA,2018,11
AINA,Race,Louisiana,LA,2018,0
Asian,Race,Louisiana,LA,2018,0
Juvenile,Age Group,Louisiana,LA,2018,0
NHOPI,Race,Louisiana,LA,2018,0
Adult,Age Group,Louisiana,LA,2017,128
Male,Gender,Louisiana,LA,2017,86
Black,Race,Louisiana,LA,2017,78
White,Race,Louisiana,LA,2017,59
Female,Gender,Louisiana,LA,2017,53
Juvenile,Age Group,Louisiana,LA,2017,11
AINA,Race,Louisiana,LA,2017,3
Asian,Race,Louisiana,LA,2017,0
NHOPI,Race,Louisiana,LA,2017,0
Adult,Age Group,Louisiana,LA,2016,35
Black,Race,Louisiana,LA,2016,22
Male,Gender,Louisiana,LA,2016,22
Female,Gender,Louisiana,LA,2016,14
White,Race,Louisiana,LA,2016,13
NHOPI,Race,Louisiana,LA,2016,0
Asian,Race,Louisiana,LA,2016,0
Juvenile,Age Group,Louisiana,LA,2016,0
AINA,Race,Louisiana,LA,2016,0
Black,Race,Louisiana,LA,2015,22
Juvenile,Age Group,Louisiana,LA,2015,18
Male,Gender,Louisiana,LA,2015,16
Female,Gender,Louisiana,LA,2015,13
Adult,Age Group,Louisiana,LA,2015,12
White,Race,Louisiana,LA,2015,7
NHOPI,Race,Louisiana,LA,2015,0
AINA,Race,Louisiana,LA,2015,0
Asian,Race,Louisiana,LA,2015,0
Adult,Age Group,Massachusetts,MA,2019,11
Male,Gender,Massachusetts,MA,2019,8
White,Race,Massachusetts,MA,2019,8
Female,Gender,Massachusetts,MA,2019,4
Black,Race,Massachusetts,MA,2019,2
Asian,Race,Massachusetts,MA,2019,2
AINA,Race,Massachusetts,MA,2019,0
NHOPI,Race,Massachusetts,MA,2019,0
Juvenile,Age Group,Massachusetts,MA,2019,0
Adult,Age Group,Massachusetts,MA,2018,9
Not Hispanic,Ethnicity,Massachusetts,MA,2018,9
Male,Gender,Massachusetts,MA,2018,6
Black,Race,Massachusetts,MA,2018,5
Asian,Race,Massachusetts,MA,2018,3
Female,Gender,Massachusetts,MA,2018,3
White,Race,Massachusetts,MA,2018,2
AINA,Race,Massachusetts,MA,2018,0
Juvenile,Age Group,Massachusetts,MA,2018,0
NHOPI,Race,Massachusetts,MA,2018,0
Hispanic,Ethnicity,Massachusetts,MA,2018,0
Adult,Age Group,Massachusetts,MA,2017,12
Not Hispanic,Ethnicity,Massachusetts,MA,2017,11
Male,Gender,Massachusetts,MA,2017,8
Black,Race,Massachusetts,MA,2017,8
Female,Gender,Massachusetts,MA,2017,5
White,Race,Massachusetts,MA,2017,3
Asian,Race,Massachusetts,MA,2017,2
Hispanic,Ethnicity,Massachusetts,MA,2017,2
NHOPI,Race,Massachusetts,MA,2017,0
Juvenile,Age Group,Massachusetts,MA,2017,0
AINA,Race,Massachusetts,MA,2017,0
Adult,Age Group,Massachusetts,MA,2016,3
Male,Gender,Massachusetts,MA,2016,3
White,Race,Massachusetts,MA,2016,2
Black,Race,Massachusetts,MA,2016,2
Female,Gender,Massachusetts,MA,2016,0
NHOPI,Race,Massachusetts,MA,2016,0
Juvenile,Age Group,Massachusetts,MA,2016,0
Asian,Race,Massachusetts,MA,2016,0
AINA,Race,Massachusetts,MA,2016,0
Not Hispanic,Ethnicity,Massachusetts,MA,2015,3
Male,Gender,Massachusetts,MA,2015,3
White,Race,Massachusetts,MA,2015,3
Adult,Age Group,Massachusetts,MA,2015,3
NHOPI,Race,Massachusetts,MA,2015,0
Juvenile,Age Group,Massachusetts,MA,2015,0
Asian,Race,Massachusetts,MA,2015,0
Hispanic,Ethnicity,Massachusetts,MA,2015,0
AINA,Race,Massachusetts,MA,2015,0
Black,Race,Massachusetts,MA,2015,0
Female,Gender,Massachusetts,MA,2015,0
Not Hispanic,Ethnicity,Maryland,MD,2019,21
Adult,Age Group,Maryland,MD,2019,21
Male,Gender,Maryland,MD,2019,19
Black,Race,Maryland,MD,2019,14
White,Race,Maryland,MD,2019,5
Asian,Race,Maryland,MD,2019,2
Female,Gender,Maryland,MD,2019,2
Hispanic,Ethnicity,Maryland,MD,2019,0
NHOPI,Race,Maryland,MD,2019,0
AINA,Race,Maryland,MD,2019,0
Juvenile,Age Group,Maryland,MD,2019,0
Adult,Age Group,Maryland,MD,2018,24
Not Hispanic,Ethnicity,Maryland,MD,2018,23
Male,Gender,Maryland,MD,2018,20
Black,Race,Maryland,MD,2018,19
White,Race,Maryland,MD,2018,6
Female,Gender,Maryland,MD,2018,5
Juvenile,Age Group,Maryland,MD,2018,2
Asian,Race,Maryland,MD,2018,2
Hispanic,Ethnicity,Maryland,MD,2018,2
AINA,Race,Maryland,MD,2018,0
NHOPI,Race,Maryland,MD,2018,0
Adult,Age Group,Maryland,MD,2017,57
Black,Race,Maryland,MD,2017,47
Not Hispanic,Ethnicity,Maryland,MD,2017,41
Male,Gender,Maryland,MD,2017,41
Female,Gender,Maryland,MD,2017,17
White,Race,Maryland,MD,2017,10
Juvenile,Age Group,Maryland,MD,2017,0
Hispanic,Ethnicity,Maryland,MD,2017,0
AINA,Race,Maryland,MD,2017,0
Asian,Race,Maryland,MD,2017,0
NHOPI,Race,Maryland,MD,2017,0
Not Hispanic,Ethnicity,Maryland,MD,2016,29
Adult,Age Group,Maryland,MD,2016,29
Male,Gender,Maryland,MD,2016,27
Black,Race,Maryland,MD,2016,21
White,Race,Maryland,MD,2016,5
Asian,Race,Maryland,MD,2016,4
Female,Gender,Maryland,MD,2016,2
AINA,Race,Maryland,MD,2016,0
Juvenile,Age Group,Maryland,MD,2016,0
Hispanic,Ethnicity,Maryland,MD,2016,0
NHOPI,Race,Maryland,MD,2016,0
Not Hispanic,Ethnicity,Maryland,MD,2015,39
Adult,Age Group,Maryland,MD,2015,29
Black,Race,Maryland,MD,2015,29
Male,Gender,Maryland,MD,2015,27
Female,Gender,Maryland,MD,2015,14
White,Race,Maryland,MD,2015,13
Juvenile,Age Group,Maryland,MD,2015,12
Hispanic,Ethnicity,Maryland,MD,2015,2
AINA,Race,Maryland,MD,2015,0
NHOPI,Race,Maryland,MD,2015,0
Asian,Race,Maryland,MD,2015,0
Adult,Age Group,Maine,ME,2018,31
AINA,Race,Maine,ME,2018,23
Male,Gender,Maine,ME,2018,16
Female,Gender,Maine,ME,2018,15
White,Race,Maine,ME,2018,8
Not Hispanic,Ethnicity,Maine,ME,2018,8
Asian,Race,Maine,ME,2018,0
NHOPI,Race,Maine,ME,2018,0
Black,Race,Maine,ME,2018,0
Hispanic,Ethnicity,Maine,ME,2018,0
Juvenile,Age Group,Maine,ME,2018,0
Adult,Age Group,Maine,ME,2017,8
White,Race,Maine,ME,2017,8
Female,Gender,Maine,ME,2017,8
Not Hispanic,Ethnicity,Maine,ME,2017,8
NHOPI,Race,Maine,ME,2017,0
Male,Gender,Maine,ME,2017,0
AINA,Race,Maine,ME,2017,0
Black,Race,Maine,ME,2017,0
Asian,Race,Maine,ME,2017,0
Hispanic,Ethnicity,Maine,ME,2017,0
Juvenile,Age Group,Maine,ME,2017,0
Adult,Age Group,Michigan,MI,2019,36
Male,Gender,Michigan,MI,2019,36
White,Race,Michigan,MI,2019,28
Black,Race,Michigan,MI,2019,7
Not Hispanic,Ethnicity,Michigan,MI,2019,1
Hispanic,Ethnicity,Michigan,MI,2019,1
Asian,Race,Michigan,MI,2019,0
Juvenile,Age Group,Michigan,MI,2019,0
AINA,Race,Michigan,MI,2019,0
NHOPI,Race,Michigan,MI,2019,0
Female,Gender,Michigan,MI,2019,0
Adult,Age Group,Michigan,MI,2018,3
Not Hispanic,Ethnicity,Michigan,MI,2018,3
Male,Gender,Michigan,MI,2018,2
Black,Race,Michigan,MI,2018,2
Female,Gender,Michigan,MI,2018,1
White,Race,Michigan,MI,2018,1
Asian,Race,Michigan,MI,2018,0
AINA,Race,Michigan,MI,2018,0
Juvenile,Age Group,Michigan,MI,2018,0
NHOPI,Race,Michigan,MI,2018,0
Hispanic,Ethnicity,Michigan,MI,2018,0
Black,Race,Michigan,MI,2016,1
Adult,Age Group,Michigan,MI,2016,1
Male,Gender,Michigan,MI,2016,1
NHOPI,Race,Michigan,MI,2016,0
White,Race,Michigan,MI,2016,0
Female,Gender,Michigan,MI,2016,0
Juvenile,Age Group,Michigan,MI,2016,0
AINA,Race,Michigan,MI,2016,0
Asian,Race,Michigan,MI,2016,0
AINA,Race,Michigan,MI,2015,0
Female,Gender,Michigan,MI,2015,0
Black,Race,Michigan,MI,2015,0
Adult,Age Group,Michigan,MI,2015,0
NHOPI,Race,Michigan,MI,2015,0
Juvenile,Age Group,Michigan,MI,2015,0
White,Race,Michigan,MI,2015,0
Hispanic,Ethnicity,Michigan,MI,2015,0
Asian,Race,Michigan,MI,2015,0
Male,Gender,Michigan,MI,2015,0
Not Hispanic,Ethnicity,Michigan,MI,2015,0
Adult,Age Group,Minnesota,MN,2019,213
Male,Gender,Minnesota,MN,2019,190
Not Hispanic,Ethnicity,Minnesota,MN,2019,153
White,Race,Minnesota,MN,2019,119
Black,Race,Minnesota,MN,2019,70
Hispanic,Ethnicity,Minnesota,MN,2019,62
Female,Gender,Minnesota,MN,2019,25
Asian,Race,Minnesota,MN,2019,22
AINA,Race,Minnesota,MN,2019,6
Juvenile,Age Group,Minnesota,MN,2019,2
NHOPI,Race,Minnesota,MN,2019,0
Adult,Age Group,Minnesota,MN,2018,178
Male,Gender,Minnesota,MN,2018,167
Not Hispanic,Ethnicity,Minnesota,MN,2018,149
White,Race,Minnesota,MN,2018,110
Black,Race,Minnesota,MN,2018,55
Hispanic,Ethnicity,Minnesota,MN,2018,31
Female,Gender,Minnesota,MN,2018,13
Asian,Race,Minnesota,MN,2018,9
AINA,Race,Minnesota,MN,2018,6
Juvenile,Age Group,Minnesota,MN,2018,2
NHOPI,Race,Minnesota,MN,2018,0
Adult,Age Group,Minnesota,MN,2017,269
Male,Gender,Minnesota,MN,2017,238
Not Hispanic,Ethnicity,Minnesota,MN,2017,214
White,Race,Minnesota,MN,2017,128
Black,Race,Minnesota,MN,2017,86
Hispanic,Ethnicity,Minnesota,MN,2017,55
Asian,Race,Minnesota,MN,2017,48
Female,Gender,Minnesota,MN,2017,32
AINA,Race,Minnesota,MN,2017,7
Juvenile,Age Group,Minnesota,MN,2017,2
NHOPI,Race,Minnesota,MN,2017,0
Adult,Age Group,Minnesota,MN,2016,366
Male,Gender,Minnesota,MN,2016,346
Not Hispanic,Ethnicity,Minnesota,MN,2016,291
White,Race,Minnesota,MN,2016,252
Hispanic,Ethnicity,Minnesota,MN,2016,75
Black,Race,Minnesota,MN,2016,70
Asian,Race,Minnesota,MN,2016,34
Female,Gender,Minnesota,MN,2016,20
AINA,Race,Minnesota,MN,2016,9
NHOPI,Race,Minnesota,MN,2016,2
Juvenile,Age Group,Minnesota,MN,2016,0
Adult,Age Group,Minnesota,MN,2015,132
Male,Gender,Minnesota,MN,2015,119
Not Hispanic,Ethnicity,Minnesota,MN,2015,117
White,Race,Minnesota,MN,2015,87
Black,Race,Minnesota,MN,2015,38
Hispanic,Ethnicity,Minnesota,MN,2015,15
Female,Gender,Minnesota,MN,2015,13
Asian,Race,Minnesota,MN,2015,6
AINA,Race,Minnesota,MN,2015,2
NHOPI,Race,Minnesota,MN,2015,0
Juvenile,Age Group,Minnesota,MN,2015,0
Not Hispanic,Ethnicity,Minnesota,MN,2014,57
Adult,Age Group,Minnesota,MN,2014,54
Male,Gender,Minnesota,MN,2014,47
Black,Race,Minnesota,MN,2014,36
White,Race,Minnesota,MN,2014,20
Female,Gender,Minnesota,MN,2014,11
Juvenile,Age Group,Minnesota,MN,2014,4
Asian,Race,Minnesota,MN,2014,2
Hispanic,Ethnicity,Minnesota,MN,2014,0
NHOPI,Race,Minnesota,MN,2014,0
AINA,Race,Minnesota,MN,2014,0
Not Hispanic,Ethnicity,Missouri,MO,2019,17
Adult,Age Group,Missouri,MO,2019,14
Male,Gender,Missouri,MO,2019,12
Black,Race,Missouri,MO,2019,10
White,Race,Missouri,MO,2019,9
Hispanic,Ethnicity,Missouri,MO,2019,2
Female,Gender,Missouri,MO,2019,2
NHOPI,Race,Missouri,MO,2019,0
Juvenile,Age Group,Missouri,MO,2019,0
AINA,Race,Missouri,MO,2019,0
Asian,Race,Missouri,MO,2019,0
Adult,Age Group,Missouri,MO,2018,7
Not Hispanic,Ethnicity,Missouri,MO,2018,7
White,Race,Missouri,MO,2018,4
Female,Gender,Missouri,MO,2018,4
Male,Gender,Missouri,MO,2018,4
Black,Race,Missouri,MO,2018,4
Juvenile,Age Group,Missouri,MO,2018,0
NHOPI,Race,Missouri,MO,2018,0
Asian,Race,Missouri,MO,2018,0
AINA,Race,Missouri,MO,2018,0
Hispanic,Ethnicity,Missouri,MO,2018,0
Adult,Age Group,Missouri,MO,2017,24
Not Hispanic,Ethnicity,Missouri,MO,2017,24
Black,Race,Missouri,MO,2017,15
Male,Gender,Missouri,MO,2017,15
Female,Gender,Missouri,MO,2017,9
White,Race,Missouri,MO,2017,9
AINA,Race,Missouri,MO,2017,0
Juvenile,Age Group,Missouri,MO,2017,0
Asian,Race,Missouri,MO,2017,0
Hispanic,Ethnicity,Missouri,MO,2017,0
NHOPI,Race,Missouri,MO,2017,0
Not Hispanic,Ethnicity,Missouri,MO,2016,21
Adult,Age Group,Missouri,MO,2016,19
Male,Gender,Missouri,MO,2016,15
Black,Race,Missouri,MO,2016,15
White,Race,Missouri,MO,2016,6
Female,Gender,Missouri,MO,2016,6
Juvenile,Age Group,Missouri,MO,2016,2
AINA,Race,Missouri,MO,2016,0
Asian,Race,Missouri,MO,2016,0
Hispanic,Ethnicity,Missouri,MO,2016,0
NHOPI,Race,Missouri,MO,2016,0
Adult,Age Group,Missouri,MO,2015,12
Black,Race,Missouri,MO,2015,10
Male,Gender,Missouri,MO,2015,9
Female,Gender,Missouri,MO,2015,4
White,Race,Missouri,MO,2015,2
AINA,Race,Missouri,MO,2015,0
Juvenile,Age Group,Missouri,MO,2015,0
Asian,Race,Missouri,MO,2015,0
NHOPI,Race,Missouri,MO,2015,0
Adult,Age Group,Missouri,MO,2014,30
White,Race,Missouri,MO,2014,27
Male,Gender,Missouri,MO,2014,25
Female,Gender,Missouri,MO,2014,11
Black,Race,Missouri,MO,2014,7
Juvenile,Age Group,Missouri,MO,2014,5
Asian,Race,Missouri,MO,2014,2
Not Hispanic,Ethnicity,Missouri,MO,2014,0
Hispanic,Ethnicity,Missouri,MO,2014,0
NHOPI,Race,Missouri,MO,2014,0
AINA,Race,Missouri,MO,2014,0
Black,Race,Mississippi,MS,2019,7
Adult,Age Group,Mississippi,MS,2019,7
Not Hispanic,Ethnicity,Mississippi,MS,2019,7
Male,Gender,Mississippi,MS,2019,4
Female,Gender,Mississippi,MS,2019,4
NHOPI,Race,Mississippi,MS,2019,0
Asian,Race,Mississippi,MS,2019,0
Hispanic,Ethnicity,Mississippi,MS,2019,0
White,Race,Mississippi,MS,2019,0
Juvenile,Age Group,Mississippi,MS,2019,0
AINA,Race,Mississippi,MS,2019,0
Adult,Age Group,Mississippi,MS,2018,8
Male,Gender,Mississippi,MS,2018,8
Not Hispanic,Ethnicity,Mississippi,MS,2018,4
Black,Race,Mississippi,MS,2018,4
White,Race,Mississippi,MS,2018,4
Asian,Race,Mississippi,MS,2018,0
Female,Gender,Mississippi,MS,2018,0
Juvenile,Age Group,Mississippi,MS,2018,0
AINA,Race,Mississippi,MS,2018,0
NHOPI,Race,Mississippi,MS,2018,0
Hispanic,Ethnicity,Mississippi,MS,2018,0
Juvenile,Age Group,Mississippi,MS,2015,21
Female,Gender,Mississippi,MS,2015,14
Male,Gender,Mississippi,MS,2015,7
Black,Race,Mississippi,MS,2015,0
Adult,Age Group,Mississippi,MS,2015,0
AINA,Race,Mississippi,MS,2015,0
Asian,Race,Mississippi,MS,2015,0
Not Hispanic,Ethnicity,Mississippi,MS,2015,0
White,Race,Mississippi,MS,2015,0
Hispanic,Ethnicity,Mississippi,MS,2015,0
NHOPI,Race,Mississippi,MS,2015,0
Juvenile,Age Group,Mississippi,MS,2014,31
Male,Gender,Mississippi,MS,2014,21
Female,Gender,Mississippi,MS,2014,14
Black,Race,Mississippi,MS,2014,10
Not Hispanic,Ethnicity,Mississippi,MS,2014,7
Adult,Age Group,Mississippi,MS,2014,4
White,Race,Mississippi,MS,2014,4
AINA,Race,Mississippi,MS,2014,0
NHOPI,Race,Mississippi,MS,2014,0
Asian,Race,Mississippi,MS,2014,0
Hispanic,Ethnicity,Mississippi,MS,2014,0
Adult,Age Group,Montana,MT,2016,10
Male,Gender,Montana,MT,2016,10
AINA,Race,Montana,MT,2016,10
Not Hispanic,Ethnicity,Montana,MT,2016,10
White,Race,Montana,MT,2016,0
Juvenile,Age Group,Montana,MT,2016,0
Female,Gender,Montana,MT,2016,0
NHOPI,Race,Montana,MT,2016,0
Asian,Race,Montana,MT,2016,0
Black,Race,Montana,MT,2016,0
Hispanic,Ethnicity,Montana,MT,2016,0
Adult,Age Group,North Dakota,ND,2018,27
Female,Gender,North Dakota,ND,2018,14
White,Race,North Dakota,ND,2018,14
Male,Gender,North Dakota,ND,2018,14
NHOPI,Race,North Dakota,ND,2018,0
AINA,Race,North Dakota,ND,2018,0
Asian,Race,North Dakota,ND,2018,0
Black,Race,North Dakota,ND,2018,0
Juvenile,Age Group,North Dakota,ND,2018,0
White,Race,North Dakota,ND,2017,14
Hispanic,Ethnicity,North Dakota,ND,2017,14
Male,Gender,North Dakota,ND,2017,14
Adult,Age Group,North Dakota,ND,2017,14
Black,Race,North Dakota,ND,2017,0
AINA,Race,North Dakota,ND,2017,0
Juvenile,Age Group,North Dakota,ND,2017,0
Female,Gender,North Dakota,ND,2017,0
NHOPI,Race,North Dakota,ND,2017,0
Not Hispanic,Ethnicity,North Dakota,ND,2017,0
Asian,Race,North Dakota,ND,2017,0
White,Race,North Dakota,ND,2016,14
Male,Gender,North Dakota,ND,2016,14
Not Hispanic,Ethnicity,North Dakota,ND,2016,14
Adult,Age Group,North Dakota,ND,2016,14
Black,Race,North Dakota,ND,2016,0
Juvenile,Age Group,North Dakota,ND,2016,0
AINA,Race,North Dakota,ND,2016,0
NHOPI,Race,North Dakota,ND,2016,0
Hispanic,Ethnicity,North Dakota,ND,2016,0
Asian,Race,North Dakota,ND,2016,0
Female,Gender,North Dakota,ND,2016,0
Not Hispanic,Ethnicity,North Dakota,ND,2015,14
AINA,Race,North Dakota,ND,2015,14
Adult,Age Group,North Dakota,ND,2015,14
Female,Gender,North Dakota,ND,2015,14
Black,Race,North Dakota,ND,2015,0
NHOPI,Race,North Dakota,ND,2015,0
Juvenile,Age Group,North Dakota,ND,2015,0
Male,Gender,North Dakota,ND,2015,0
Hispanic,Ethnicity,North Dakota,ND,2015,0
Asian,Race,North Dakota,ND,2015,0
White,Race,North Dakota,ND,2015,0
Male,Gender,Nebraska,NE,2015,0
AINA,Race,Nebraska,NE,2015,0
NHOPI,Race,Nebraska,NE,2015,0
Juvenile,Age Group,Nebraska,NE,2015,0
Female,Gender,Nebraska,NE,2015,0
White,Race,Nebraska,NE,2015,0
Asian,Race,Nebraska,NE,2015,0
Black,Race,Nebraska,NE,2015,0
Adult,Age Group,Nebraska,NE,2015,0
Adult,Age Group,New Jersey,NJ,2019,28
Not Hispanic,Ethnicity,New Jersey,NJ,2019,24
White,Race,New Jersey,NJ,2019,19
Male,Gender,New Jersey,NJ,2019,15
Female,Gender,New Jersey,NJ,2019,15
Black,Race,New Jersey,NJ,2019,10
Hispanic,Ethnicity,New Jersey,NJ,2019,4
AINA,Race,New Jersey,NJ,2019,0
NHOPI,Race,New Jersey,NJ,2019,0
Asian,Race,New Jersey,NJ,2019,0
Juvenile,Age Group,New Jersey,NJ,2019,0
Not Hispanic,Ethnicity,New Mexico,NM,2019,5
Black,Race,New Mexico,NM,2019,5
Male,Gender,New Mexico,NM,2019,5
Adult,Age Group,New Mexico,NM,2019,5
NHOPI,Race,New Mexico,NM,2019,0
Asian,Race,New Mexico,NM,2019,0
Juvenile,Age Group,New Mexico,NM,2019,0
Female,Gender,New Mexico,NM,2019,0
AINA,Race,New Mexico,NM,2019,0
White,Race,New Mexico,NM,2019,0
Hispanic,Ethnicity,New Mexico,NM,2019,0
Adult,Age Group,Nevada,NV,2019,102
Not Hispanic,Ethnicity,Nevada,NV,2019,95
Male,Gender,Nevada,NV,2019,73
Black,Race,Nevada,NV,2019,65
White,Race,Nevada,NV,2019,37
Female,Gender,Nevada,NV,2019,34
Hispanic,Ethnicity,Nevada,NV,2019,7
Juvenile,Age Group,Nevada,NV,2019,4
Asian,Race,Nevada,NV,2019,0
NHOPI,Race,Nevada,NV,2019,0
AINA,Race,Nevada,NV,2019,0
Adult,Age Group,Nevada,NV,2018,99
Not Hispanic,Ethnicity,Nevada,NV,2018,91
Male,Gender,Nevada,NV,2018,72
Black,Race,Nevada,NV,2018,65
White,Race,Nevada,NV,2018,37
Female,Gender,Nevada,NV,2018,33
Hispanic,Ethnicity,Nevada,NV,2018,14
Juvenile,Age Group,Nevada,NV,2018,7
AINA,Race,Nevada,NV,2018,4
NHOPI,Race,Nevada,NV,2018,0
Asian,Race,Nevada,NV,2018,0
Adult,Age Group,Nevada,NV,2017,134
Male,Gender,Nevada,NV,2017,108
Not Hispanic,Ethnicity,Nevada,NV,2017,104
Black,Race,Nevada,NV,2017,88
White,Race,Nevada,NV,2017,49
Female,Gender,Nevada,NV,2017,30
Hispanic,Ethnicity,Nevada,NV,2017,7
Juvenile,Age Group,Nevada,NV,2017,4
NHOPI,Race,Nevada,NV,2017,0
AINA,Race,Nevada,NV,2017,0
Asian,Race,Nevada,NV,2017,0
Adult,Age Group,Nevada,NV,2016,127
Not Hispanic,Ethnicity,Nevada,NV,2016,121
Black,Race,Nevada,NV,2016,115
Male,Gender,Nevada,NV,2016,108
Female,Gender,Nevada,NV,2016,24
White,Race,Nevada,NV,2016,17
Hispanic,Ethnicity,Nevada,NV,2016,10
Juvenile,Age Group,Nevada,NV,2016,4
Asian,Race,Nevada,NV,2016,0
AINA,Race,Nevada,NV,2016,0
NHOPI,Race,Nevada,NV,2016,0
Adult,Age Group,Nevada,NV,2015,98
Not Hispanic,Ethnicity,Nevada,NV,2015,91
Black,Race,Nevada,NV,2015,85
Male,Gender,Nevada,NV,2015,72
Female,Gender,Nevada,NV,2015,34
White,Race,Nevada,NV,2015,17
Hispanic,Ethnicity,Nevada,NV,2015,13
Juvenile,Age Group,Nevada,NV,2015,7
Asian,Race,Nevada,NV,2015,4
NHOPI,Race,Nevada,NV,2015,0
AINA,Race,Nevada,NV,2015,0
Not Hispanic,Ethnicity,Ohio,OH,2019,3
Adult,Age Group,Ohio,OH,2019,3
Male,Gender,Ohio,OH,2019,3
Black,Race,Ohio,OH,2019,2
White,Race,Ohio,OH,2019,1
Asian,Race,Ohio,OH,2019,0
NHOPI,Race,Ohio,OH,2019,0
Juvenile,Age Group,Ohio,OH,2019,0
AINA,Race,Ohio,OH,2019,0
Female,Gender,Ohio,OH,2019,0
Hispanic,Ethnicity,Ohio,OH,2019,0
Black,Race,Ohio,OH,2018,1
Male,Gender,Ohio,OH,2018,1
Adult,Age Group,Ohio,OH,2018,1
Not Hispanic,Ethnicity,Ohio,OH,2018,1
AINA,Race,Ohio,OH,2018,0
Female,Gender,Ohio,OH,2018,0
Asian,Race,Ohio,OH,2018,0
White,Race,Ohio,OH,2018,0
NHOPI,Race,Ohio,OH,2018,0
Juvenile,Age Group,Ohio,OH,2018,0
Hispanic,Ethnicity,Ohio,OH,2018,0
Adult,Age Group,Ohio,OH,2017,1
Female,Gender,Ohio,OH,2017,1
White,Race,Ohio,OH,2017,1
Not Hispanic,Ethnicity,Ohio,OH,2017,1
Asian,Race,Ohio,OH,2017,0
Hispanic,Ethnicity,Ohio,OH,2017,0
Black,Race,Ohio,OH,2017,0
Juvenile,Age Group,Ohio,OH,2017,0
Male,Gender,Ohio,OH,2017,0
AINA,Race,Ohio,OH,2017,0
NHOPI,Race,Ohio,OH,2017,0
Adult,Age Group,Ohio,OH,2015,0
Not Hispanic,Ethnicity,Ohio,OH,2015,0
White,Race,Ohio,OH,2015,0
Female,Gender,Ohio,OH,2015,0
AINA,Race,Ohio,OH,2015,0
Male,Gender,Ohio,OH,2015,0
Black,Race,Ohio,OH,2015,0
Hispanic,Ethnicity,Ohio,OH,2015,0
Juvenile,Age Group,Ohio,OH,2015,0
NHOPI,Race,Ohio,OH,2015,0
Asian,Race,Ohio,OH,2015,0
White,Race,Ohio,OH,2014,6
Adult,Age Group,Ohio,OH,2014,5
Male,Gender,Ohio,OH,2014,4
Female,Gender,Ohio,OH,2014,1
Hispanic,Ethnicity,Ohio,OH,2014,0
Black,Race,Ohio,OH,2014,0
Juvenile,Age Group,Ohio,OH,2014,0
AINA,Race,Ohio,OH,2014,0
NHOPI,Race,Ohio,OH,2014,0
Not Hispanic,Ethnicity,Ohio,OH,2014,0
Asian,Race,Ohio,OH,2014,0
Not Hispanic,Ethnicity,Oklahoma,OK,2019,110
Adult,Age Group,Oklahoma,OK,2019,99
White,Race,Oklahoma,OK,2019,81
Male,Gender,Oklahoma,OK,2019,59
Female,Gender,Oklahoma,OK,2019,54
Black,Race,Oklahoma,OK,2019,21
Juvenile,Age Group,Oklahoma,OK,2019,14
AINA,Race,Oklahoma,OK,2019,11
Hispanic,Ethnicity,Oklahoma,OK,2019,3
Asian,Race,Oklahoma,OK,2019,0
NHOPI,Race,Oklahoma,OK,2019,0
Not Hispanic,Ethnicity,Oklahoma,OK,2018,74
Adult,Age Group,Oklahoma,OK,2018,69
White,Race,Oklahoma,OK,2018,51
Male,Gender,Oklahoma,OK,2018,51
Female,Gender,Oklahoma,OK,2018,28
Black,Race,Oklahoma,OK,2018,18
AINA,Race,Oklahoma,OK,2018,11
Juvenile,Age Group,Oklahoma,OK,2018,11
Hispanic,Ethnicity,Oklahoma,OK,2018,5
Asian,Race,Oklahoma,OK,2018,0
NHOPI,Race,Oklahoma,OK,2018,0
Not Hispanic,Ethnicity,Oklahoma,OK,2017,31
Adult,Age Group,Oklahoma,OK,2017,28
Black,Race,Oklahoma,OK,2017,21
Male,Gender,Oklahoma,OK,2017,21
Female,Gender,Oklahoma,OK,2017,11
White,Race,Oklahoma,OK,2017,8
Juvenile,Age Group,Oklahoma,OK,2017,3
AINA,Race,Oklahoma,OK,2017,3
NHOPI,Race,Oklahoma,OK,2017,0
Hispanic,Ethnicity,Oklahoma,OK,2017,0
Asian,Race,Oklahoma,OK,2017,0
Not Hispanic,Ethnicity,Oklahoma,OK,2016,99
Adult,Age Group,Oklahoma,OK,2016,87
White,Race,Oklahoma,OK,2016,74
Male,Gender,Oklahoma,OK,2016,67
Female,Gender,Oklahoma,OK,2016,46
Black,Race,Oklahoma,OK,2016,36
Juvenile,Age Group,Oklahoma,OK,2016,26
Hispanic,Ethnicity,Oklahoma,OK,2016,13
AINA,Race,Oklahoma,OK,2016,3
Asian,Race,Oklahoma,OK,2016,0
NHOPI,Race,Oklahoma,OK,2016,0
Adult,Age Group,Oklahoma,OK,2015,36
Not Hispanic,Ethnicity,Oklahoma,OK,2015,33
Male,Gender,Oklahoma,OK,2015,23
Black,Race,Oklahoma,OK,2015,21
White,Race,Oklahoma,OK,2015,16
Female,Gender,Oklahoma,OK,2015,13
Hispanic,Ethnicity,Oklahoma,OK,2015,3
Asian,Race,Oklahoma,OK,2015,0
AINA,Race,Oklahoma,OK,2015,0
Juvenile,Age Group,Oklahoma,OK,2015,0
NHOPI,Race,Oklahoma,OK,2015,0
Adult,Age Group,Oregon,OR,2019,18
White,Race,Oregon,OR,2019,15
Male,Gender,Oregon,OR,2019,13
Not Hispanic,Ethnicity,Oregon,OR,2019,13
Female,Gender,Oregon,OR,2019,5
Hispanic,Ethnicity,Oregon,OR,2019,3
Black,Race,Oregon,OR,2019,3
Asian,Race,Oregon,OR,2019,0
NHOPI,Race,Oregon,OR,2019,0
AINA,Race,Oregon,OR,2019,0
Juvenile,Age Group,Oregon,OR,2019,0
Male,Gender,Oregon,OR,2017,11
White,Race,Oregon,OR,2017,8
Juvenile,Age Group,Oregon,OR,2017,8
Black,Race,Oregon,OR,2017,3
Adult,Age Group,Oregon,OR,2017,3
NHOPI,Race,Oregon,OR,2017,0
Female,Gender,Oregon,OR,2017,0
Asian,Race,Oregon,OR,2017,0
AINA,Race,Oregon,OR,2017,0
Adult,Age Group,Rhode Island,RI,2019,67
Not Hispanic,Ethnicity,Rhode Island,RI,2019,57
Female,Gender,Rhode Island,RI,2019,48
White,Race,Rhode Island,RI,2019,29
Asian,Race,Rhode Island,RI,2019,29
Male,Gender,Rhode Island,RI,2019,19
Black,Race,Rhode Island,RI,2019,10
Hispanic,Ethnicity,Rhode Island,RI,2019,10
Juvenile,Age Group,Rhode Island,RI,2019,0
NHOPI,Race,Rhode Island,RI,2019,0
AINA,Race,Rhode Island,RI,2019,0
Not Hispanic,Ethnicity,Rhode Island,RI,2018,19
Female,Gender,Rhode Island,RI,2018,19
Black,Race,Rhode Island,RI,2018,10
Juvenile,Age Group,Rhode Island,RI,2018,10
White,Race,Rhode Island,RI,2018,10
Adult,Age Group,Rhode Island,RI,2018,10
Asian,Race,Rhode Island,RI,2018,0
AINA,Race,Rhode Island,RI,2018,0
NHOPI,Race,Rhode Island,RI,2018,0
Male,Gender,Rhode Island,RI,2018,0
Hispanic,Ethnicity,Rhode Island,RI,2018,0
Adult,Age Group,Rhode Island,RI,2017,76
Male,Gender,Rhode Island,RI,2017,66
Not Hispanic,Ethnicity,Rhode Island,RI,2017,57
Black,Race,Rhode Island,RI,2017,57
White,Race,Rhode Island,RI,2017,19
Hispanic,Ethnicity,Rhode Island,RI,2017,19
Female,Gender,Rhode Island,RI,2017,10
NHOPI,Race,Rhode Island,RI,2017,0
Juvenile,Age Group,Rhode Island,RI,2017,0
Asian,Race,Rhode Island,RI,2017,0
AINA,Race,Rhode Island,RI,2017,0
Male,Gender,Rhode Island,RI,2016,19
Adult,Age Group,Rhode Island,RI,2016,19
White,Race,Rhode Island,RI,2016,10
Not Hispanic,Ethnicity,Rhode Island,RI,2016,10
Hispanic,Ethnicity,Rhode Island,RI,2016,0
NHOPI,Race,Rhode Island,RI,2016,0
Female,Gender,Rhode Island,RI,2016,0
Asian,Race,Rhode Island,RI,2016,0
Juvenile,Age Group,Rhode Island,RI,2016,0
Black,Race,Rhode Island,RI,2016,0
AINA,Race,Rhode Island,RI,2016,0
Not Hispanic,Ethnicity,South Carolina,SC,2019,10
Adult,Age Group,South Carolina,SC,2019,10
White,Race,South Carolina,SC,2019,6
Male,Gender,South Carolina,SC,2019,6
Female,Gender,South Carolina,SC,2019,4
Black,Race,South Carolina,SC,2019,4
Juvenile,Age Group,South Carolina,SC,2019,0
Hispanic,Ethnicity,South Carolina,SC,2019,0
NHOPI,Race,South Carolina,SC,2019,0
AINA,Race,South Carolina,SC,2019,0
Asian,Race,South Carolina,SC,2019,0
Not Hispanic,Ethnicity,South Carolina,SC,2018,16
Adult,Age Group,South Carolina,SC,2018,16
Black,Race,South Carolina,SC,2018,12
Male,Gender,South Carolina,SC,2018,12
Female,Gender,South Carolina,SC,2018,4
White,Race,South Carolina,SC,2018,4
Asian,Race,South Carolina,SC,2018,0
Juvenile,Age Group,South Carolina,SC,2018,0
AINA,Race,South Carolina,SC,2018,0
NHOPI,Race,South Carolina,SC,2018,0
Hispanic,Ethnicity,South Carolina,SC,2018,0
Adult,Age Group,South Carolina,SC,2017,22
Male,Gender,South Carolina,SC,2017,16
Black,Race,South Carolina,SC,2017,12
Not Hispanic,Ethnicity,South Carolina,SC,2017,12
White,Race,South Carolina,SC,2017,10
Hispanic,Ethnicity,South Carolina,SC,2017,8
Female,Gender,South Carolina,SC,2017,6
NHOPI,Race,South Carolina,SC,2017,0
Juvenile,Age Group,South Carolina,SC,2017,0
Asian,Race,South Carolina,SC,2017,0
AINA,Race,South Carolina,SC,2017,0
Adult,Age Group,South Carolina,SC,2016,12
Not Hispanic,Ethnicity,South Carolina,SC,2016,12
Black,Race,South Carolina,SC,2016,10
Male,Gender,South Carolina,SC,2016,8
Female,Gender,South Carolina,SC,2016,4
White,Race,South Carolina,SC,2016,2
Juvenile,Age Group,South Carolina,SC,2016,0
NHOPI,Race,South Carolina,SC,2016,0
Hispanic,Ethnicity,South Carolina,SC,2016,0
Asian,Race,South Carolina,SC,2016,0
AINA,Race,South Carolina,SC,2016,0
Male,Gender,South Carolina,SC,2015,6
Adult,Age Group,South Carolina,SC,2015,6
Not Hispanic,Ethnicity,South Carolina,SC,2015,6
Black,Race,South Carolina,SC,2015,6
Asian,Race,South Carolina,SC,2015,0
White,Race,South Carolina,SC,2015,0
Juvenile,Age Group,South Carolina,SC,2015,0
Female,Gender,South Carolina,SC,2015,0
Hispanic,Ethnicity,South Carolina,SC,2015,0
NHOPI,Race,South Carolina,SC,2015,0
AINA,Race,South Carolina,SC,2015,0
Adult,Age Group,Tennessee,TN,2019,33
Not Hispanic,Ethnicity,Tennessee,TN,2019,27
Male,Gender,Tennessee,TN,2019,25
White,Race,Tennessee,TN,2019,20
Female,Gender,Tennessee,TN,2019,8
Black,Race,Tennessee,TN,2019,8
Hispanic,Ethnicity,Tennessee,TN,2019,6
Asian,Race,Tennessee,TN,2019,5
Juvenile,Age Group,Tennessee,TN,2019,0
NHOPI,Race,Tennessee,TN,2019,0
AINA,Race,Tennessee,TN,2019,0
Adult,Age Group,Tennessee,TN,2018,5
Not Hispanic,Ethnicity,Tennessee,TN,2018,5
Male,Gender,Tennessee,TN,2018,3
Black,Race,Tennessee,TN,2018,3
Female,Gender,Tennessee,TN,2018,2
White,Race,Tennessee,TN,2018,2
Hispanic,Ethnicity,Tennessee,TN,2018,0
NHOPI,Race,Tennessee,TN,2018,0
AINA,Race,Tennessee,TN,2018,0
Juvenile,Age Group,Tennessee,TN,2018,0
Asian,Race,Tennessee,TN,2018,0
Adult,Age Group,Tennessee,TN,2017,38
Male,Gender,Tennessee,TN,2017,33
Not Hispanic,Ethnicity,Tennessee,TN,2017,29
White,Race,Tennessee,TN,2017,23
Black,Race,Tennessee,TN,2017,11
Hispanic,Ethnicity,Tennessee,TN,2017,9
Female,Gender,Tennessee,TN,2017,5
Juvenile,Age Group,Tennessee,TN,2017,0
NHOPI,Race,Tennessee,TN,2017,0
AINA,Race,Tennessee,TN,2017,0
Asian,Race,Tennessee,TN,2017,0
Adult,Age Group,Tennessee,TN,2016,33
Male,Gender,Tennessee,TN,2016,30
Not Hispanic,Ethnicity,Tennessee,TN,2016,28
White,Race,Tennessee,TN,2016,15
Black,Race,Tennessee,TN,2016,15
Hispanic,Ethnicity,Tennessee,TN,2016,5
Female,Gender,Tennessee,TN,2016,3
Asian,Race,Tennessee,TN,2016,3
NHOPI,Race,Tennessee,TN,2016,0
Juvenile,Age Group,Tennessee,TN,2016,0
AINA,Race,Tennessee,TN,2016,0
Adult,Age Group,Tennessee,TN,2015,3
Not Hispanic,Ethnicity,Tennessee,TN,2015,3
Female,Gender,Tennessee,TN,2015,2
Black,Race,Tennessee,TN,2015,2
Male,Gender,Tennessee,TN,2015,2
Asian,Race,Tennessee,TN,2015,2
AINA,Race,Tennessee,TN,2015,0
Juvenile,Age Group,Tennessee,TN,2015,0
Hispanic,Ethnicity,Tennessee,TN,2015,0
NHOPI,Race,Tennessee,TN,2015,0
White,Race,Tennessee,TN,2015,0
Adult,Age Group,Texas,TX,2019,25
Male,Gender,Texas,TX,2019,21
White,Race,Texas,TX,2019,18
Not Hispanic,Ethnicity,Texas,TX,2019,18
Hispanic,Ethnicity,Texas,TX,2019,11
Black,Race,Texas,TX,2019,9
Female,Gender,Texas,TX,2019,7
Juvenile,Age Group,Texas,TX,2019,2
NHOPI,Race,Texas,TX,2019,0
AINA,Race,Texas,TX,2019,0
Asian,Race,Texas,TX,2019,0
Adult,Age Group,Texas,TX,2018,31
Not Hispanic,Ethnicity,Texas,TX,2018,27
Male,Gender,Texas,TX,2018,25
White,Race,Texas,TX,2018,20
Black,Race,Texas,TX,2018,11
Female,Gender,Texas,TX,2018,7
Hispanic,Ethnicity,Texas,TX,2018,5
Asian,Race,Texas,TX,2018,2
Juvenile,Age Group,Texas,TX,2018,1
AINA,Race,Texas,TX,2018,0
NHOPI,Race,Texas,TX,2018,0
Not Hispanic,Ethnicity,Texas,TX,2017,20
Female,Gender,Texas,TX,2017,15
Adult,Age Group,Texas,TX,2017,15
Black,Race,Texas,TX,2017,15
Male,Gender,Texas,TX,2017,14
White,Race,Texas,TX,2017,14
Juvenile,Age Group,Texas,TX,2017,14
Hispanic,Ethnicity,Texas,TX,2017,8
Asian,Race,Texas,TX,2017,0
NHOPI,Race,Texas,TX,2017,0
AINA,Race,Texas,TX,2017,0
Adult,Age Group,Texas,TX,2016,168
White,Race,Texas,TX,2016,145
Not Hispanic,Ethnicity,Texas,TX,2016,135
Male,Gender,Texas,TX,2016,126
Female,Gender,Texas,TX,2016,57
Hispanic,Ethnicity,Texas,TX,2016,48
Black,Race,Texas,TX,2016,37
Juvenile,Age Group,Texas,TX,2016,14
Asian,Race,Texas,TX,2016,1
AINA,Race,Texas,TX,2016,1
NHOPI,Race,Texas,TX,2016,0
Adult,Age Group,Texas,TX,2015,175
Not Hispanic,Ethnicity,Texas,TX,2015,150
White,Race,Texas,TX,2015,148
Male,Gender,Texas,TX,2015,128
Female,Gender,Texas,TX,2015,68
Hispanic,Ethnicity,Texas,TX,2015,48
Black,Race,Texas,TX,2015,47
Juvenile,Age Group,Texas,TX,2015,21
Asian,Race,Texas,TX,2015,1
NHOPI,Race,Texas,TX,2015,1
AINA,Race,Texas,TX,2015,0
Adult,Age Group,Texas,TX,2014,239
White,Race,Texas,TX,2014,221
Male,Gender,Texas,TX,2014,190
Not Hispanic,Ethnicity,Texas,TX,2014,176
Hispanic,Ethnicity,Texas,TX,2014,89
Female,Gender,Texas,TX,2014,75
Black,Race,Texas,TX,2014,43
Juvenile,Age Group,Texas,TX,2014,25
Asian,Race,Texas,TX,2014,1
NHOPI,Race,Texas,TX,2014,0
AINA,Race,Texas,TX,2014,0
Male,Gender,Utah,UT,2019,119
Adult,Age Group,Utah,UT,2019,119
White,Race,Utah,UT,2019,94
Not Hispanic,Ethnicity,Utah,UT,2019,10
Asian,Race,Utah,UT,2019,7
Black,Race,Utah,UT,2019,4
Hispanic,Ethnicity,Utah,UT,2019,4
AINA,Race,Utah,UT,2019,0
Juvenile,Age Group,Utah,UT,2019,0
Female,Gender,Utah,UT,2019,0
NHOPI,Race,Utah,UT,2019,0
Male,Gender,Utah,UT,2018,4
White,Race,Utah,UT,2018,4
Adult,Age Group,Utah,UT,2018,4
Asian,Race,Utah,UT,2018,0
Juvenile,Age Group,Utah,UT,2018,0
Black,Race,Utah,UT,2018,0
Female,Gender,Utah,UT,2018,0
NHOPI,Race,Utah,UT,2018,0
AINA,Race,Utah,UT,2018,0
Male,Gender,Utah,UT,2015,0
Juvenile,Age Group,Utah,UT,2015,0
NHOPI,Race,Utah,UT,2015,0
White,Race,Utah,UT,2015,0
Adult,Age Group,Utah,UT,2015,0
Black,Race,Utah,UT,2015,0
Hispanic,Ethnicity,Utah,UT,2015,0
AINA,Race,Utah,UT,2015,0
Asian,Race,Utah,UT,2015,0
Not Hispanic,Ethnicity,Utah,UT,2015,0
Female,Gender,Utah,UT,2015,0
White,Race,Utah,UT,2014,35
Not Hispanic,Ethnicity,Utah,UT,2014,35
Adult,Age Group,Utah,UT,2014,35
Male,Gender,Utah,UT,2014,32
Female,Gender,Utah,UT,2014,4
Black,Race,Utah,UT,2014,0
AINA,Race,Utah,UT,2014,0
Asian,Race,Utah,UT,2014,0
Juvenile,Age Group,Utah,UT,2014,0
Hispanic,Ethnicity,Utah,UT,2014,0
NHOPI,Race,Utah,UT,2014,0
Black,Race,Virginia,VA,2019,6
Not Hispanic,Ethnicity,Virginia,VA,2019,6
Adult,Age Group,Virginia,VA,2019,6
Male,Gender,Virginia,VA,2019,5
Female,Gender,Virginia,VA,2019,3
White,Race,Virginia,VA,2019,2
Juvenile,Age Group,Virginia,VA,2019,2
Hispanic,Ethnicity,Virginia,VA,2019,0
Asian,Race,Virginia,VA,2019,0
NHOPI,Race,Virginia,VA,2019,0
AINA,Race,Virginia,VA,2019,0
White,Race,Vermont,VT,2019,16
Not Hispanic,Ethnicity,Vermont,VT,2019,16
Adult,Age Group,Vermont,VT,2019,16
Male,Gender,Vermont,VT,2019,16
NHOPI,Race,Vermont,VT,2019,0
Asian,Race,Vermont,VT,2019,0
Black,Race,Vermont,VT,2019,0
AINA,Race,Vermont,VT,2019,0
Female,Gender,Vermont,VT,2019,0
Hispanic,Ethnicity,Vermont,VT,2019,0
Juvenile,Age Group,Vermont,VT,2019,0
Black,Race,Vermont,VT,2018,16
Male,Gender,Vermont,VT,2018,16
Adult,Age Group,Vermont,VT,2018,16
AINA,Race,Vermont,VT,2018,0
Female,Gender,Vermont,VT,2018,0
NHOPI,Race,Vermont,VT,2018,0
Asian,Race,Vermont,VT,2018,0
Juvenile,Age Group,Vermont,VT,2018,0
White,Race,Vermont,VT,2018,0
Adult,Age Group,Washington,WA,2019,68
Male,Gender,Washington,WA,2019,58
White,Race,Washington,WA,2019,29
AINA,Race,Washington,WA,2019,12
Female,Gender,Washington,WA,2019,10
Asian,Race,Washington,WA,2019,9
Black,Race,Washington,WA,2019,8
Not Hispanic,Ethnicity,Washington,WA,2019,4
Hispanic,Ethnicity,Washington,WA,2019,3
Juvenile,Age Group,Washington,WA,2019,0
NHOPI,Race,Washington,WA,2019,0
Adult,Age Group,Washington,WA,2018,25
Male,Gender,Washington,WA,2018,22
White,Race,Washington,WA,2018,14
Asian,Race,Washington,WA,2018,6
Not Hispanic,Ethnicity,Washington,WA,2018,6
Female,Gender,Washington,WA,2018,5
AINA,Race,Washington,WA,2018,4
NHOPI,Race,Washington,WA,2018,0
Black,Race,Washington,WA,2018,0
Hispanic,Ethnicity,Washington,WA,2018,0
Juvenile,Age Group,Washington,WA,2018,0
Adult,Age Group,Washington,WA,2017,6
Male,Gender,Washington,WA,2017,6
Black,Race,Washington,WA,2017,4
White,Race,Washington,WA,2017,3
Not Hispanic,Ethnicity,Washington,WA,2017,2
Female,Gender,Washington,WA,2017,0
NHOPI,Race,Washington,WA,2017,0
Hispanic,Ethnicity,Washington,WA,2017,0
AINA,Race,Washington,WA,2017,0
Juvenile,Age Group,Washington,WA,2017,0
Asian,Race,Washington,WA,2017,0
AINA,Race,Washington,WA,2016,6
Juvenile,Age Group,Washington,WA,2016,6
Female,Gender,Washington,WA,2016,4
Male,Gender,Washington,WA,2016,2
Adult,Age Group,Washington,WA,2016,0
Black,Race,Washington,WA,2016,0
NHOPI,Race,Washington,WA,2016,0
Asian,Race,Washington,WA,2016,0
White,Race,Washington,WA,2016,0
Hispanic,Ethnicity,Washington,WA,2015,0
Not Hispanic,Ethnicity,Washington,WA,2015,0
AINA,Race,Washington,WA,2015,0
NHOPI,Race,Washington,WA,2015,0
Male,Gender,Washington,WA,2015,0
Juvenile,Age Group,Washington,WA,2015,0
White,Race,Washington,WA,2015,0
Female,Gender,Washington,WA,2015,0
Asian,Race,Washington,WA,2015,0
Adult,Age Group,Washington,WA,2015,0
Black,Race,Washington,WA,2015,0
Adult,Age Group,Wisconsin,WI,2019,279
White,Race,Wisconsin,WI,2019,203
Male,Gender,Wisconsin,WI,2019,201
Female,Gender,Wisconsin,WI,2019,88
Black,Race,Wisconsin,WI,2019,75
Not Hispanic,Ethnicity,Wisconsin,WI,2019,47
AINA,Race,Wisconsin,WI,2019,11
Juvenile,Age Group,Wisconsin,WI,2019,11
Hispanic,Ethnicity,Wisconsin,WI,2019,2
NHOPI,Race,Wisconsin,WI,2019,0
Asian,Race,Wisconsin,WI,2019,0
Adult,Age Group,Wisconsin,WI,2018,33
Not Hispanic,Ethnicity,Wisconsin,WI,2018,30
Black,Race,Wisconsin,WI,2018,30
Male,Gender,Wisconsin,WI,2018,28
Female,Gender,Wisconsin,WI,2018,6
Hispanic,Ethnicity,Wisconsin,WI,2018,2
White,Race,Wisconsin,WI,2018,2
Asian,Race,Wisconsin,WI,2018,2
AINA,Race,Wisconsin,WI,2018,0
Juvenile,Age Group,Wisconsin,WI,2018,0
NHOPI,Race,Wisconsin,WI,2018,0
Adult,Age Group,Wisconsin,WI,2017,52
Male,Gender,Wisconsin,WI,2017,40
Not Hispanic,Ethnicity,Wisconsin,WI,2017,38
Black,Race,Wisconsin,WI,2017,28
White,Race,Wisconsin,WI,2017,19
Female,Gender,Wisconsin,WI,2017,14
Hispanic,Ethnicity,Wisconsin,WI,2017,6
AINA,Race,Wisconsin,WI,2017,6
Juvenile,Age Group,Wisconsin,WI,2017,2
Asian,Race,Wisconsin,WI,2017,0
NHOPI,Race,Wisconsin,WI,2017,0
Not Hispanic,Ethnicity,Wisconsin,WI,2016,23
Adult,Age Group,Wisconsin,WI,2016,23
Black,Race,Wisconsin,WI,2016,18
Male,Gender,Wisconsin,WI,2016,16
Female,Gender,Wisconsin,WI,2016,7
White,Race,Wisconsin,WI,2016,6
Hispanic,Ethnicity,Wisconsin,WI,2016,0
Juvenile,Age Group,Wisconsin,WI,2016,0
Asian,Race,Wisconsin,WI,2016,0
NHOPI,Race,Wisconsin,WI,2016,0
AINA,Race,Wisconsin,WI,2016,0
Not Hispanic,Ethnicity,Wisconsin,WI,2015,0
Hispanic,Ethnicity,Wisconsin,WI,2015,0
White,Race,West Virginia,WV,2019,56
Male,Gender,West Virginia,WV,2019,56
Adult,Age Group,West Virginia,WV,2019,56
Not Hispanic,Ethnicity,West Virginia,WV,2019,56
Female,Gender,West Virginia,WV,2019,0
Hispanic,Ethnicity,West Virginia,WV,2019,0
NHOPI,Race,West Virginia,WV,2019,0
AINA,Race,West Virginia,WV,2019,0
Asian,Race,West Virginia,WV,2019,0
Black,Race,West Virginia,WV,2019,0
Juvenile,Age Group,West Virginia,WV,2019,0
White,Race,Wyoming,WY,2018,52
Adult,Age Group,Wyoming,WY,2018,52
Not Hispanic,Ethnicity,Wyoming,WY,2018,52
Female,Gender,Wyoming,WY,2018,35
Male,Gender,Wyoming,WY,2018,18
Black,Race,Wyoming,WY,2018,0
AINA,Race,Wyoming,WY,2018,0
Asian,Race,Wyoming,WY,2018,0
Hispanic,Ethnicity,Wyoming,WY,2018,0
NHOPI,Race,Wyoming,WY,2018,0
Juvenile,Age Group,Wyoming,WY,2018,0
White,Race,Wyoming,WY,2017,18
Adult,Age Group,Wyoming,WY,2017,18
Hispanic,Ethnicity,Wyoming,WY,2017,18
Male,Gender,Wyoming,WY,2017,18
AINA,Race,Wyoming,WY,2017,0
Black,Race,Wyoming,WY,2017,0
Not Hispanic,Ethnicity,Wyoming,WY,2017,0
NHOPI,Race,Wyoming,WY,2017,0
Female,Gender,Wyoming,WY,2017,0
Juvenile,Age Group,Wyoming,WY,2017,0
Asian,Race,Wyoming,WY,2017,0
Adult,Age Group,Wyoming,WY,2016,53
Male,Gender,Wyoming,WY,2016,36
Black,Race,Wyoming,WY,2016,35
Not Hispanic,Ethnicity,Wyoming,WY,2016,18
Female,Gender,Wyoming,WY,2016,18
White,Race,Wyoming,WY,2016,18
NHOPI,Race,Wyoming,WY,2016,0
Asian,Race,Wyoming,WY,2016,0
Juvenile,Age Group,Wyoming,WY,2016,0
AINA,Race,Wyoming,WY,2016,0
Hispanic,Ethnicity,Wyoming,WY,2016,0
White,Race,Wyoming,WY,2015,0
Adult,Age Group,Wyoming,WY,2015,0
AINA,Race,Wyoming,WY,2015,0
Hispanic,Ethnicity,Wyoming,WY,2015,0
Male,Gender,Wyoming,WY,2015,0
Not Hispanic,Ethnicity,Wyoming,WY,2015,0
Asian,Race,Wyoming,WY,2015,0
Female,Gender,Wyoming,WY,2015,0
Black,Race,Wyoming,WY,2015,0
Juvenile,Age Group,Wyoming,WY,2015,0
NHOPI,Race,Wyoming,WY,2015,0
White,Race,Wyoming,WY,2014,53
Female,Gender,Wyoming,WY,2014,18
Juvenile,Age Group,Wyoming,WY,2014,18
Not Hispanic,Ethnicity,Wyoming,WY,2014,18
Asian,Race,Wyoming,WY,2014,0
Adult,Age Group,Wyoming,WY,2014,0
NHOPI,Race,Wyoming,WY,2014,0
Male,Gender,Wyoming,WY,2014,0
Black,Race,Wyoming,WY,2014,0
Hispanic,Ethnicity,Wyoming,WY,2014,0
AINA,Race,Wyoming,WY,2014,0